{
    "transform": [
        [
            1.0,
            0.0,
            0.0,
            -1.220703097715159e-06
        ],
        [
            0.0,
            1.0,
            0.0,
            -6.103515488575795e-07
        ],
        [
            0.0,
            0.0,
            1.0,
            -360.0
        ]
    ],
    "scale": 0.0014285714285714286
}