{"gradients/bias":0.5585597157478333,"_timestamp":1.7557578261790211e+09,"_runtime":0.535780857,"_wandb":{"runtime":0},"_step":1,"training/total_gradient_norm":2.5488681042674304,"gradients/weight":2.4869136810302734}