{"_wandb":{"runtime":0},"test":1,"_timestamp":1.7557578234615788e+09,"_runtime":0.543436425,"_step":0}