{
    "transform": [
        [
            1.0,
            0.0,
            0.0,
            -7.629394644936838e-07
        ],
        [
            0.0,
            1.0,
            0.0,
            -7.629394644936838e-07
        ],
        [
            0.0,
            0.0,
            1.0,
            -282.5
        ]
    ],
    "scale": 0.002
}