{"system/gpu_memory_reserved_mb":46,"training/epoch_time":0.24727821350097656,"_runtime":69.449455187,"training/batch_size":10000,"training/learning_rate":1e-05,"training/height_variance_loss":4.887580871582031e-06,"training/best_epoch":222,"gradients/height_net.params":{"_type":"histogram","values":[3,5,6,6,15,18,49,52,75,8234,356,274,263,206,160,138,88,56,35,30,30,27,25,11,1,4,5,13,7,9,1,2,2,5,0,5,5,2,0,4,0,0,1,1,1,0,0,1,2,0,1,0,0,0,3,0,0,1,0,0,0,1,0,1],"bins":[-0.007965087890625,-0.0071430206298828125,-0.006320953369140625,-0.0054988861083984375,-0.00467681884765625,-0.0038547515869140625,-0.003032684326171875,-0.0022106170654296875,-0.0013885498046875,-0.0005664825439453125,0.000255584716796875,0.0010776519775390625,0.00189971923828125,0.0027217864990234375,0.003543853759765625,0.0043659210205078125,0.00518798828125,0.0060100555419921875,0.006832122802734375,0.0076541900634765625,0.00847625732421875,0.009298324584960938,0.010120391845703125,0.010942459106445312,0.0117645263671875,0.012586593627929688,0.013408660888671875,0.014230728149414062,0.01505279541015625,0.015874862670898438,0.016696929931640625,0.017518997192382812,0.018341064453125,0.019163131713867188,0.019985198974609375,0.020807266235351562,0.02162933349609375,0.022451400756835938,0.023273468017578125,0.024095535278320312,0.0249176025390625,0.025739669799804688,0.026561737060546875,0.027383804321289062,0.02820587158203125,0.029027938842773438,0.029850006103515625,0.030672073364257812,0.031494140625,0.03231620788574219,0.033138275146484375,0.03396034240722656,0.03478240966796875,0.03560447692871094,0.036426544189453125,0.03724861145019531,0.0380706787109375,0.03889274597167969,0.039714813232421875,0.04053688049316406,0.04135894775390625,0.04218101501464844,0.043003082275390625,0.04382514953613281,0.044647216796875]},"gradients/encoding.params":{"_type":"histogram","values":[2,0,0,0,0,0,0,0,0,0,0,0,1,0,0,1,0,2,2,1,3,4,3,4,5,5,6,4,7,9,24,51,76,89,231,471,51208,378,194,59,54,32,18,9,8,5,12,2,5,7,3,4,2,3,2,0,0,0,0,0,0,0,0,2],"bins":[-0.01555633544921875,-0.015128135681152344,-0.014699935913085938,-0.014271736145019531,-0.013843536376953125,-0.013415336608886719,-0.012987136840820312,-0.012558937072753906,-0.0121307373046875,-0.011702537536621094,-0.011274337768554688,-0.010846138000488281,-0.010417938232421875,-0.009989738464355469,-0.009561538696289062,-0.009133338928222656,-0.00870513916015625,-0.008276939392089844,-0.007848739624023438,-0.007420539855957031,-0.006992340087890625,-0.006564140319824219,-0.0061359405517578125,-0.005707740783691406,-0.005279541015625,-0.004851341247558594,-0.0044231414794921875,-0.003994941711425781,-0.003566741943359375,-0.0031385421752929688,-0.0027103424072265625,-0.0022821426391601562,-0.00185394287109375,-0.0014257431030273438,-0.0009975433349609375,-0.0005693435668945312,-0.000141143798828125,0.00028705596923828125,0.0007152557373046875,0.0011434555053710938,0.0015716552734375,0.0019998550415039062,0.0024280548095703125,0.0028562545776367188,0.003284454345703125,0.0037126541137695312,0.0041408538818359375,0.004569053649902344,0.00499725341796875,0.005425453186035156,0.0058536529541015625,0.006281852722167969,0.006710052490234375,0.007138252258300781,0.0075664520263671875,0.007994651794433594,0.0084228515625,0.008851051330566406,0.009279251098632812,0.009707450866699219,0.010135650634765625,0.010563850402832031,0.010992050170898438,0.011420249938964844,0.01184844970703125]},"training/total_loss":0.189697265625,"system/gpu_memory_allocated_mb":21.44140625,"training/height_loss":0.187744140625,"training/best_loss":0.1842041015625,"_timestamp":1.7557581186644442e+09,"training/epoch_start_time":1.75575811866442e+09,"model/total_parameters":63248,"_step":246,"_wandb":{"runtime":69},"training/data_size":1000000,"training/epoch":246,"training/max_epochs":1000,"model/trainable_parameters":63248,"training/spatial_smoothness_loss":0.0193328857421875,"training/memory_usage_mb":21.44140625,"training/start_time":1.7557580503522182e+09}